carrier,ratio
Pinnacle Airlines Inc.,0.034664900204487197
American Airlines Inc.,0.026204930859064234
United Air Lines Inc.,0.02341077194448475
Delta Air Lines Inc.,0.01523490714532762
